Depositante;País;Ano;Depósitos
QUALCOMM INCORPORATED;United States;1993;6
QUALCOMM INCORPORATED;United States;1994;23
QUALCOMM INCORPORATED;United States;1995;41
QUALCOMM INCORPORATED;United States;1996;35
QUALCOMM INCORPORATED;United States;1997;65
QUALCOMM INCORPORATED;United States;1998;59
QUALCOMM INCORPORATED;United States;1999;91
QUALCOMM INCORPORATED;United States;2000;148
QUALCOMM INCORPORATED;United States;2001;156
QUALCOMM INCORPORATED;United States;2002;227
QUALCOMM INCORPORATED;United States;2003;280
QUALCOMM INCORPORATED;United States;2004;232
QUALCOMM INCORPORATED;United States;2005;213
QUALCOMM INCORPORATED;United States;2006;299
QUALCOMM INCORPORATED;United States;2007;332
QUALCOMM INCORPORATED;United States;2008;416
QUALCOMM INCORPORATED;United States;2009;388
QUALCOMM INCORPORATED;United States;2010;212
QUALCOMM INCORPORATED;United States;2011;166
QUALCOMM INCORPORATED;United States;2012;188
QUALCOMM INCORPORATED;United States;2013;172
QUALCOMM INCORPORATED;United States;2014;484
QUALCOMM INCORPORATED;United States;2015;881
QUALCOMM INCORPORATED;United States;2016;915
PROCTER & GAMBLE;United States;1993;108
PROCTER & GAMBLE;United States;1994;155
PROCTER & GAMBLE;United States;1995;213
PROCTER & GAMBLE;United States;1996;363
PROCTER & GAMBLE;United States;1997;546
PROCTER & GAMBLE;United States;1998;481
PROCTER & GAMBLE;United States;1999;334
PROCTER & GAMBLE;United States;2000;290
PROCTER & GAMBLE;United States;2001;169
PROCTER & GAMBLE;United States;2002;105
PROCTER & GAMBLE;United States;2003;118
PROCTER & GAMBLE;United States;2004;146
PROCTER & GAMBLE;United States;2005;175
PROCTER & GAMBLE;United States;2006;159
PROCTER & GAMBLE;United States;2007;135
PROCTER & GAMBLE;United States;2008;111
PROCTER & GAMBLE;United States;2009;173
PROCTER & GAMBLE;United States;2010;176
PROCTER & GAMBLE;United States;2011;205
PROCTER & GAMBLE;United States;2012;197
PROCTER & GAMBLE;United States;2013;182
PROCTER & GAMBLE;United States;2014;188
PROCTER & GAMBLE;United States;2015;170
PROCTER & GAMBLE;United States;2016;77
PHILIPS ELECTRONICS;Netherlands;1993;
PHILIPS ELECTRONICS;Netherlands;1994;1
PHILIPS ELECTRONICS;Netherlands;1995;7
PHILIPS ELECTRONICS;Netherlands;1996;
PHILIPS ELECTRONICS;Netherlands;1997;4
PHILIPS ELECTRONICS;Netherlands;1998;34
PHILIPS ELECTRONICS;Netherlands;1999;61
PHILIPS ELECTRONICS;Netherlands;2000;68
PHILIPS ELECTRONICS;Netherlands;2001;66
PHILIPS ELECTRONICS;Netherlands;2002;66
PHILIPS ELECTRONICS;Netherlands;2003;77
PHILIPS ELECTRONICS;Netherlands;2004;82
PHILIPS ELECTRONICS;Netherlands;2005;82
PHILIPS ELECTRONICS;Netherlands;2006;74
PHILIPS ELECTRONICS;Netherlands;2007;205
PHILIPS ELECTRONICS;Netherlands;2008;113
PHILIPS ELECTRONICS;Netherlands;2009;239
PHILIPS ELECTRONICS;Netherlands;2010;514
PHILIPS ELECTRONICS;Netherlands;2011;422
PHILIPS ELECTRONICS;Netherlands;2012;464
PHILIPS ELECTRONICS;Netherlands;2013;627
PHILIPS ELECTRONICS;Netherlands;2014;336
PHILIPS ELECTRONICS;Netherlands;2015;213
PHILIPS ELECTRONICS;Netherlands;2016;186
UNILEVER;Netherlands;1993;107
UNILEVER;Netherlands;1994;62
UNILEVER;Netherlands;1995;80
UNILEVER;Netherlands;1996;105
UNILEVER;Netherlands;1997;149
UNILEVER;Netherlands;1998;145
UNILEVER;Netherlands;1999;153
UNILEVER;Netherlands;2000;199
UNILEVER;Netherlands;2001;174
UNILEVER;Netherlands;2002;150
UNILEVER;Netherlands;2003;167
UNILEVER;Netherlands;2004;161
UNILEVER;Netherlands;2005;151
UNILEVER;Netherlands;2006;137
UNILEVER;Netherlands;2007;117
UNILEVER;Netherlands;2008;129
UNILEVER;Netherlands;2009;127
UNILEVER;Netherlands;2010;91
UNILEVER;Netherlands;2011;174
UNILEVER;Netherlands;2012;155
UNILEVER;Netherlands;2013;159
UNILEVER;Netherlands;2014;112
UNILEVER;Netherlands;2015;111
UNILEVER;Netherlands;2016;152
3M INNOVATIVE PROPERTIES;United States;1993;
3M INNOVATIVE PROPERTIES;United States;1994;
3M INNOVATIVE PROPERTIES;United States;1995;
3M INNOVATIVE PROPERTIES;United States;1996;
3M INNOVATIVE PROPERTIES;United States;1997;
3M INNOVATIVE PROPERTIES;United States;1998;
3M INNOVATIVE PROPERTIES;United States;1999;68
3M INNOVATIVE PROPERTIES;United States;2000;83
3M INNOVATIVE PROPERTIES;United States;2001;95
3M INNOVATIVE PROPERTIES;United States;2002;139
3M INNOVATIVE PROPERTIES;United States;2003;128
3M INNOVATIVE PROPERTIES;United States;2004;181
3M INNOVATIVE PROPERTIES;United States;2005;176
3M INNOVATIVE PROPERTIES;United States;2006;172
3M INNOVATIVE PROPERTIES;United States;2007;133
3M INNOVATIVE PROPERTIES;United States;2008;160
3M INNOVATIVE PROPERTIES;United States;2009;195
3M INNOVATIVE PROPERTIES;United States;2010;171
3M INNOVATIVE PROPERTIES;United States;2011;195
3M INNOVATIVE PROPERTIES;United States;2012;199
3M INNOVATIVE PROPERTIES;United States;2013;220
3M INNOVATIVE PROPERTIES;United States;2014;219
3M INNOVATIVE PROPERTIES;United States;2015;182
3M INNOVATIVE PROPERTIES;United States;2016;124
BASF SE;Deutschland;1993;
BASF SE;Deutschland;1994;
BASF SE;Deutschland;1995;
BASF SE;Deutschland;1996;
BASF SE;Deutschland;1997;
BASF SE;Deutschland;1998;2
BASF SE;Deutschland;1999;
BASF SE;Deutschland;2000;
BASF SE;Deutschland;2001;
BASF SE;Deutschland;2002;
BASF SE;Deutschland;2003;
BASF SE;Deutschland;2004;1
BASF SE;Deutschland;2005;
BASF SE;Deutschland;2006;126
BASF SE;Deutschland;2007;231
BASF SE;Deutschland;2008;248
BASF SE;Deutschland;2009;293
BASF SE;Deutschland;2010;276
BASF SE;Deutschland;2011;270
BASF SE;Deutschland;2012;330
BASF SE;Deutschland;2013;315
BASF SE;Deutschland;2014;286
BASF SE;Deutschland;2015;229
BASF SE;Deutschland;2016;225
HALLIBURTON ENERGY;United States;1993;
HALLIBURTON ENERGY;United States;1994;
HALLIBURTON ENERGY;United States;1995;1
HALLIBURTON ENERGY;United States;1996;
HALLIBURTON ENERGY;United States;1997;8
HALLIBURTON ENERGY;United States;1998;12
HALLIBURTON ENERGY;United States;1999;19
HALLIBURTON ENERGY;United States;2000;27
HALLIBURTON ENERGY;United States;2001;47
HALLIBURTON ENERGY;United States;2002;49
HALLIBURTON ENERGY;United States;2003;76
HALLIBURTON ENERGY;United States;2004;53
HALLIBURTON ENERGY;United States;2005;52
HALLIBURTON ENERGY;United States;2006;40
HALLIBURTON ENERGY;United States;2007;43
HALLIBURTON ENERGY;United States;2008;61
HALLIBURTON ENERGY;United States;2009;58
HALLIBURTON ENERGY;United States;2010;131
HALLIBURTON ENERGY;United States;2011;207
HALLIBURTON ENERGY;United States;2012;384
HALLIBURTON ENERGY;United States;2013;621
HALLIBURTON ENERGY;United States;2014;394
HALLIBURTON ENERGY;United States;2015;303
HALLIBURTON ENERGY;United States;2016;189
DOW GLOBAL;United States;1993;
DOW GLOBAL;United States;1994;
DOW GLOBAL;United States;1995;
DOW GLOBAL;United States;1996;
DOW GLOBAL;United States;1997;
DOW GLOBAL;United States;1998;
DOW GLOBAL;United States;1999;
DOW GLOBAL;United States;2000;18
DOW GLOBAL;United States;2001;52
DOW GLOBAL;United States;2002;65
DOW GLOBAL;United States;2003;48
DOW GLOBAL;United States;2004;68
DOW GLOBAL;United States;2005;96
DOW GLOBAL;United States;2006;117
DOW GLOBAL;United States;2007;114
DOW GLOBAL;United States;2008;161
DOW GLOBAL;United States;2009;176
DOW GLOBAL;United States;2010;201
DOW GLOBAL;United States;2011;254
DOW GLOBAL;United States;2012;264
DOW GLOBAL;United States;2013;270
DOW GLOBAL;United States;2014;254
DOW GLOBAL;United States;2015;248
DOW GLOBAL;United States;2016;287
GE COMPANY;United States;1993;16
GE COMPANY;United States;1994;8
GE COMPANY;United States;1995;7
GE COMPANY;United States;1996;12
GE COMPANY;United States;1997;13
GE COMPANY;United States;1998;38
GE COMPANY;United States;1999;48
GE COMPANY;United States;2000;98
GE COMPANY;United States;2001;82
GE COMPANY;United States;2002;66
GE COMPANY;United States;2003;61
GE COMPANY;United States;2004;83
GE COMPANY;United States;2005;63
GE COMPANY;United States;2006;94
GE COMPANY;United States;2007;62
GE COMPANY;United States;2008;41
GE COMPANY;United States;2009;66
GE COMPANY;United States;2010;111
GE COMPANY;United States;2011;151
GE COMPANY;United States;2012;260
GE COMPANY;United States;2013;292
GE COMPANY;United States;2014;215
GE COMPANY;United States;2015;222
GE COMPANY;United States;2016;367
NOVARTIS;Switzerland;1993;1
NOVARTIS;Switzerland;1994;2
NOVARTIS;Switzerland;1995;21
NOVARTIS;Switzerland;1996;65
NOVARTIS;Switzerland;1997;75
NOVARTIS;Switzerland;1998;72
NOVARTIS;Switzerland;1999;84
NOVARTIS;Switzerland;2000;50
NOVARTIS;Switzerland;2001;58
NOVARTIS;Switzerland;2002;90
NOVARTIS;Switzerland;2003;140
NOVARTIS;Switzerland;2004;166
NOVARTIS;Switzerland;2005;152
NOVARTIS;Switzerland;2006;224
NOVARTIS;Switzerland;2007;245
NOVARTIS;Switzerland;2008;151
NOVARTIS;Switzerland;2009;133
NOVARTIS;Switzerland;2010;106
NOVARTIS;Switzerland;2011;100
NOVARTIS;Switzerland;2012;123
NOVARTIS;Switzerland;2013;110
NOVARTIS;Switzerland;2014;112
NOVARTIS;Switzerland;2015;82
NOVARTIS;Switzerland;2016;42
HOFFMANN LA ROCHE;Switzerland;1993;19
HOFFMANN LA ROCHE;Switzerland;1994;21
HOFFMANN LA ROCHE;Switzerland;1995;36
HOFFMANN LA ROCHE;Switzerland;1996;39
HOFFMANN LA ROCHE;Switzerland;1997;66
HOFFMANN LA ROCHE;Switzerland;1998;61
HOFFMANN LA ROCHE;Switzerland;1999;78
HOFFMANN LA ROCHE;Switzerland;2000;79
HOFFMANN LA ROCHE;Switzerland;2001;106
HOFFMANN LA ROCHE;Switzerland;2002;82
HOFFMANN LA ROCHE;Switzerland;2003;88
HOFFMANN LA ROCHE;Switzerland;2004;105
HOFFMANN LA ROCHE;Switzerland;2005;137
HOFFMANN LA ROCHE;Switzerland;2006;143
HOFFMANN LA ROCHE;Switzerland;2007;149
HOFFMANN LA ROCHE;Switzerland;2008;136
HOFFMANN LA ROCHE;Switzerland;2009;114
HOFFMANN LA ROCHE;Switzerland;2010;125
HOFFMANN LA ROCHE;Switzerland;2011;142
HOFFMANN LA ROCHE;Switzerland;2012;140
HOFFMANN LA ROCHE;Switzerland;2013;174
HOFFMANN LA ROCHE;Switzerland;2014;144
HOFFMANN LA ROCHE;Switzerland;2015;114
HOFFMANN LA ROCHE;Switzerland;2016;61
TELEFONAKTIEBOLAGET LM ERICSSON;Sweden;1993;62
TELEFONAKTIEBOLAGET LM ERICSSON;Sweden;1994;51
TELEFONAKTIEBOLAGET LM ERICSSON;Sweden;1995;53
TELEFONAKTIEBOLAGET LM ERICSSON;Sweden;1996;93
TELEFONAKTIEBOLAGET LM ERICSSON;Sweden;1997;209
TELEFONAKTIEBOLAGET LM ERICSSON;Sweden;1998;276
TELEFONAKTIEBOLAGET LM ERICSSON;Sweden;1999;246
TELEFONAKTIEBOLAGET LM ERICSSON;Sweden;2000;98
TELEFONAKTIEBOLAGET LM ERICSSON;Sweden;2001;8
TELEFONAKTIEBOLAGET LM ERICSSON;Sweden;2002;15
TELEFONAKTIEBOLAGET LM ERICSSON;Sweden;2003;19
TELEFONAKTIEBOLAGET LM ERICSSON;Sweden;2004;52
TELEFONAKTIEBOLAGET LM ERICSSON;Sweden;2005;86
TELEFONAKTIEBOLAGET LM ERICSSON;Sweden;2006;72
TELEFONAKTIEBOLAGET LM ERICSSON;Sweden;2007;48
TELEFONAKTIEBOLAGET LM ERICSSON;Sweden;2008;86
TELEFONAKTIEBOLAGET LM ERICSSON;Sweden;2009;64
TELEFONAKTIEBOLAGET LM ERICSSON;Sweden;2010;82
TELEFONAKTIEBOLAGET LM ERICSSON;Sweden;2011;91
TELEFONAKTIEBOLAGET LM ERICSSON;Sweden;2012;82
TELEFONAKTIEBOLAGET LM ERICSSON;Sweden;2013;88
TELEFONAKTIEBOLAGET LM ERICSSON;Sweden;2014;158
TELEFONAKTIEBOLAGET LM ERICSSON;Sweden;2015;123
TELEFONAKTIEBOLAGET LM ERICSSON;Sweden;2016;79
KIMBERLY CLARK WORLDWIDE;United States;1993;1
KIMBERLY CLARK WORLDWIDE;United States;1994;
KIMBERLY CLARK WORLDWIDE;United States;1995;46
KIMBERLY CLARK WORLDWIDE;United States;1996;83
KIMBERLY CLARK WORLDWIDE;United States;1997;97
KIMBERLY CLARK WORLDWIDE;United States;1998;111
KIMBERLY CLARK WORLDWIDE;United States;1999;113
KIMBERLY CLARK WORLDWIDE;United States;2000;125
KIMBERLY CLARK WORLDWIDE;United States;2001;143
KIMBERLY CLARK WORLDWIDE;United States;2002;123
KIMBERLY CLARK WORLDWIDE;United States;2003;156
KIMBERLY CLARK WORLDWIDE;United States;2004;93
KIMBERLY CLARK WORLDWIDE;United States;2005;93
KIMBERLY CLARK WORLDWIDE;United States;2006;129
KIMBERLY CLARK WORLDWIDE;United States;2007;65
KIMBERLY CLARK WORLDWIDE;United States;2008;90
KIMBERLY CLARK WORLDWIDE;United States;2009;90
KIMBERLY CLARK WORLDWIDE;United States;2010;59
KIMBERLY CLARK WORLDWIDE;United States;2011;88
KIMBERLY CLARK WORLDWIDE;United States;2012;95
KIMBERLY CLARK WORLDWIDE;United States;2013;114
KIMBERLY CLARK WORLDWIDE;United States;2014;144
KIMBERLY CLARK WORLDWIDE;United States;2015;101
KIMBERLY CLARK WORLDWIDE;United States;2016;72
BASF AG;Deutschland;1993;27
BASF AG;Deutschland;1994;42
BASF AG;Deutschland;1995;105
BASF AG;Deutschland;1996;114
BASF AG;Deutschland;1997;155
BASF AG;Deutschland;1998;151
BASF AG;Deutschland;1999;180
BASF AG;Deutschland;2000;206
BASF AG;Deutschland;2001;150
BASF AG;Deutschland;2002;152
BASF AG;Deutschland;2003;197
BASF AG;Deutschland;2004;248
BASF AG;Deutschland;2005;227
BASF AG;Deutschland;2006;185
BASF AG;Deutschland;2007;8
BASF AG;Deutschland;2008;
BASF AG;Deutschland;2009;
BASF AG;Deutschland;2010;
BASF AG;Deutschland;2011;
BASF AG;Deutschland;2012;2
BASF AG;Deutschland;2013;
BASF AG;Deutschland;2014;
BASF AG;Deutschland;2015;
BASF AG;Deutschland;2016;
DUPONT DE NEMOURS;United States;1993;29
DUPONT DE NEMOURS;United States;1994;52
DUPONT DE NEMOURS;United States;1995;62
DUPONT DE NEMOURS;United States;1996;54
DUPONT DE NEMOURS;United States;1997;79
DUPONT DE NEMOURS;United States;1998;116
DUPONT DE NEMOURS;United States;1999;112
DUPONT DE NEMOURS;United States;2000;104
DUPONT DE NEMOURS;United States;2001;80
DUPONT DE NEMOURS;United States;2002;114
DUPONT DE NEMOURS;United States;2003;71
DUPONT DE NEMOURS;United States;2004;99
DUPONT DE NEMOURS;United States;2005;107
DUPONT DE NEMOURS;United States;2006;136
DUPONT DE NEMOURS;United States;2007;134
DUPONT DE NEMOURS;United States;2008;152
DUPONT DE NEMOURS;United States;2009;98
DUPONT DE NEMOURS;United States;2010;140
DUPONT DE NEMOURS;United States;2011;112
DUPONT DE NEMOURS;United States;2012;91
DUPONT DE NEMOURS;United States;2013;74
DUPONT DE NEMOURS;United States;2014;53
DUPONT DE NEMOURS;United States;2015;34
DUPONT DE NEMOURS;United States;2016;39
SIEMENS;Deutschland;1993;9
SIEMENS;Deutschland;1994;17
SIEMENS;Deutschland;1995;16
SIEMENS;Deutschland;1996;32
SIEMENS;Deutschland;1997;106
SIEMENS;Deutschland;1998;109
SIEMENS;Deutschland;1999;84
SIEMENS;Deutschland;2000;80
SIEMENS;Deutschland;2001;101
SIEMENS;Deutschland;2002;86
SIEMENS;Deutschland;2003;84
SIEMENS;Deutschland;2004;78
SIEMENS;Deutschland;2005;73
SIEMENS;Deutschland;2006;60
SIEMENS;Deutschland;2007;56
SIEMENS;Deutschland;2008;71
SIEMENS;Deutschland;2009;108
SIEMENS;Deutschland;2010;153
SIEMENS;Deutschland;2011;181
SIEMENS;Deutschland;2012;194
SIEMENS;Deutschland;2013;135
SIEMENS;Deutschland;2014;117
SIEMENS;Deutschland;2015;85
SIEMENS;Deutschland;2016;82
BOSCH GMBH;Deutschland;1993;15
BOSCH GMBH;Deutschland;1994;27
BOSCH GMBH;Deutschland;1995;50
BOSCH GMBH;Deutschland;1996;78
BOSCH GMBH;Deutschland;1997;64
BOSCH GMBH;Deutschland;1998;134
BOSCH GMBH;Deutschland;1999;139
BOSCH GMBH;Deutschland;2000;172
BOSCH GMBH;Deutschland;2001;190
BOSCH GMBH;Deutschland;2002;74
BOSCH GMBH;Deutschland;2003;40
BOSCH GMBH;Deutschland;2004;68
BOSCH GMBH;Deutschland;2005;61
BOSCH GMBH;Deutschland;2006;74
BOSCH GMBH;Deutschland;2007;67
BOSCH GMBH;Deutschland;2008;83
BOSCH GMBH;Deutschland;2009;85
BOSCH GMBH;Deutschland;2010;97
BOSCH GMBH;Deutschland;2011;143
BOSCH GMBH;Deutschland;2012;137
BOSCH GMBH;Deutschland;2013;60
BOSCH GMBH;Deutschland;2014;77
BOSCH GMBH;Deutschland;2015;42
BOSCH GMBH;Deutschland;2016;39
SHELL INTERNATIONALE RESEARCH;Netherlands;1993;41
SHELL INTERNATIONALE RESEARCH;Netherlands;1994;79
SHELL INTERNATIONALE RESEARCH;Netherlands;1995;59
SHELL INTERNATIONALE RESEARCH;Netherlands;1996;68
SHELL INTERNATIONALE RESEARCH;Netherlands;1997;70
SHELL INTERNATIONALE RESEARCH;Netherlands;1998;64
SHELL INTERNATIONALE RESEARCH;Netherlands;1999;56
SHELL INTERNATIONALE RESEARCH;Netherlands;2000;64
SHELL INTERNATIONALE RESEARCH;Netherlands;2001;77
SHELL INTERNATIONALE RESEARCH;Netherlands;2002;92
SHELL INTERNATIONALE RESEARCH;Netherlands;2003;61
SHELL INTERNATIONALE RESEARCH;Netherlands;2004;138
SHELL INTERNATIONALE RESEARCH;Netherlands;2005;86
SHELL INTERNATIONALE RESEARCH;Netherlands;2006;85
SHELL INTERNATIONALE RESEARCH;Netherlands;2007;104
SHELL INTERNATIONALE RESEARCH;Netherlands;2008;101
SHELL INTERNATIONALE RESEARCH;Netherlands;2009;79
SHELL INTERNATIONALE RESEARCH;Netherlands;2010;88
SHELL INTERNATIONALE RESEARCH;Netherlands;2011;87
SHELL INTERNATIONALE RESEARCH;Netherlands;2012;89
SHELL INTERNATIONALE RESEARCH;Netherlands;2013;87
SHELL INTERNATIONALE RESEARCH;Netherlands;2014;107
SHELL INTERNATIONALE RESEARCH;Netherlands;2015;85
SHELL INTERNATIONALE RESEARCH;Netherlands;2016;87
L'OREAL;France;1993;
L'OREAL;France;1994;3
L'OREAL;France;1995;1
L'OREAL;France;1996;57
L'OREAL;France;1997;90
L'OREAL;France;1998;92
L'OREAL;France;1999;133
L'OREAL;France;2000;142
L'OREAL;France;2001;102
L'OREAL;France;2002;91
L'OREAL;France;2003;81
L'OREAL;France;2004;79
L'OREAL;France;2005;105
L'OREAL;France;2006;65
L'OREAL;France;2007;72
L'OREAL;France;2008;71
L'OREAL;France;2009;103
L'OREAL;France;2010;95
L'OREAL;France;2011;69
L'OREAL;France;2012;98
L'OREAL;France;2013;101
L'OREAL;France;2014;99
L'OREAL;France;2015;79
L'OREAL;France;2016;73
SONY;Japan;1993;18
SONY;Japan;1994;12
SONY;Japan;1995;22
SONY;Japan;1996;47
SONY;Japan;1997;15
SONY;Japan;1998;17
SONY;Japan;1999;12
SONY;Japan;2000;32
SONY;Japan;2001;17
SONY;Japan;2002;7
SONY;Japan;2003;24
SONY;Japan;2004;23
SONY;Japan;2005;34
SONY;Japan;2006;20
SONY;Japan;2007;30
SONY;Japan;2008;70
SONY;Japan;2009;163
SONY;Japan;2010;244
SONY;Japan;2011;300
SONY;Japan;2012;257
SONY;Japan;2013;180
SONY;Japan;2014;136
SONY;Japan;2015;58
SONY;Japan;2016;56
MICROSOFT;United States;1993;
MICROSOFT;United States;1994;
MICROSOFT;United States;1995;
MICROSOFT;United States;1996;
MICROSOFT;United States;1997;
MICROSOFT;United States;1998;
MICROSOFT;United States;1999;
MICROSOFT;United States;2000;
MICROSOFT;United States;2001;10
MICROSOFT;United States;2002;7
MICROSOFT;United States;2003;125
MICROSOFT;United States;2004;248
MICROSOFT;United States;2005;234
MICROSOFT;United States;2006;265
MICROSOFT;United States;2007;194
MICROSOFT;United States;2008;113
MICROSOFT;United States;2009;170
MICROSOFT;United States;2010;124
MICROSOFT;United States;2011;71
MICROSOFT;United States;2012;90
MICROSOFT;United States;2013;60
MICROSOFT;United States;2014;6
MICROSOFT;United States;2015;1
MICROSOFT;United States;2016;
PFIZER;United States;1993;28
PFIZER;United States;1994;24
PFIZER;United States;1995;26
PFIZER;United States;1996;34
PFIZER;United States;1997;47
PFIZER;United States;1998;94
PFIZER;United States;1999;143
PFIZER;United States;2000;146
PFIZER;United States;2001;146
PFIZER;United States;2002;141
PFIZER;United States;2003;169
PFIZER;United States;2004;195
PFIZER;United States;2005;162
PFIZER;United States;2006;66
PFIZER;United States;2007;41
PFIZER;United States;2008;38
PFIZER;United States;2009;27
PFIZER;United States;2010;14
PFIZER;United States;2011;9
PFIZER;United States;2012;23
PFIZER;United States;2013;33
PFIZER;United States;2014;24
PFIZER;United States;2015;40
PFIZER;United States;2016;36
SAMSUNG ELECTRONICS;Korea;1993;2
SAMSUNG ELECTRONICS;Korea;1994;4
SAMSUNG ELECTRONICS;Korea;1995;7
SAMSUNG ELECTRONICS;Korea;1996;18
SAMSUNG ELECTRONICS;Korea;1997;62
SAMSUNG ELECTRONICS;Korea;1998;60
SAMSUNG ELECTRONICS;Korea;1999;142
SAMSUNG ELECTRONICS;Korea;2000;71
SAMSUNG ELECTRONICS;Korea;2001;44
SAMSUNG ELECTRONICS;Korea;2002;49
SAMSUNG ELECTRONICS;Korea;2003;43
SAMSUNG ELECTRONICS;Korea;2004;62
SAMSUNG ELECTRONICS;Korea;2005;119
SAMSUNG ELECTRONICS;Korea;2006;63
SAMSUNG ELECTRONICS;Korea;2007;41
SAMSUNG ELECTRONICS;Korea;2008;51
SAMSUNG ELECTRONICS;Korea;2009;28
SAMSUNG ELECTRONICS;Korea;2010;104
SAMSUNG ELECTRONICS;Korea;2011;134
SAMSUNG ELECTRONICS;Korea;2012;161
SAMSUNG ELECTRONICS;Korea;2013;159
SAMSUNG ELECTRONICS;Korea;2014;129
SAMSUNG ELECTRONICS;Korea;2015;38
SAMSUNG ELECTRONICS;Korea;2016;45
