Campo_Tec;Area_Tec;Ano;Depósitos
Mobiliário - jogos;Outras áreas;1993;634
Outros bens de consumo;Outras áreas;1993;455
Engenharia civil;Outras áreas;1993;436
Manejo;Engenharia mecânica;1993;420
Transporte;Engenharia mecânica;1993;419
Outras maquinas especiais;Engenharia mecânica;1993;288
Tecnologia aplicada a medicina;Instrumentos;1993;263
Máquinas - aparelhos elétricos - energia;Engenharia elétrica;1993;252
Elementos mecânicos;Engenharia mecânica;1993;225
Máquinas ferramentas;Engenharia mecânica;1993;154
Tecnologia audiovisual;Engenharia elétrica;1993;133
Medição;Instrumentos;1993;127
Controle;Instrumentos;1993;107
Aparelhos e processos térmicos;Engenharia mecânica;1993;107
Motores - bombas - turbinas;Engenharia mecânica;1993;105
Telecomunicações;Engenharia elétrica;1993;102
Máquinas têxteis e de papel;Engenharia mecânica;1993;97
Engenharia química;Química;1993;80
Tecnologia aplicada ao meio ambiente;Química;1993;79
Materiais - metalurgia;Química;1993;72
Química de materiais básicos;Química;1993;54
Tecnologia da computação;Engenharia elétrica;1993;49
Tecnologia de superfícies e revestimentos;Química;1993;41
Química de alimentos;Química;1993;37
Produtos farmacêuticos;Química;1993;28
Ótica;Instrumentos;1993;22
Química macromolecular e polímeros;Química;1993;21
Química orgânica fina;Química;1993;15
Análise de material biológico;Instrumentos;1993;11
Biotecnologia;Química;1993;10
Processos básicos de comunicação;Engenharia elétrica;1993;8
Comunicação digital;Engenharia elétrica;1993;4
Semicondutores;Engenharia elétrica;1993;1
Métodos de gestão em TI;Engenharia elétrica;1993;
Microestruturas e nanotecnologia;Química;1993;
Mobiliário - jogos;Outras áreas;1994;550
Transporte;Engenharia mecânica;1994;427
Engenharia civil;Outras áreas;1994;426
Manejo;Engenharia mecânica;1994;417
Outros bens de consumo;Outras áreas;1994;398
Outras maquinas especiais;Engenharia mecânica;1994;267
Elementos mecânicos;Engenharia mecânica;1994;222
Tecnologia aplicada a medicina;Instrumentos;1994;215
Máquinas - aparelhos elétricos - energia;Engenharia elétrica;1994;200
Máquinas ferramentas;Engenharia mecânica;1994;162
Tecnologia audiovisual;Engenharia elétrica;1994;149
Controle;Instrumentos;1994;127
Aparelhos e processos térmicos;Engenharia mecânica;1994;99
Engenharia química;Química;1994;97
Medição;Instrumentos;1994;95
Motores - bombas - turbinas;Engenharia mecânica;1994;87
Telecomunicações;Engenharia elétrica;1994;87
Máquinas têxteis e de papel;Engenharia mecânica;1994;70
Tecnologia da computação;Engenharia elétrica;1994;65
Materiais - metalurgia;Química;1994;59
Tecnologia aplicada ao meio ambiente;Química;1994;58
Química de materiais básicos;Química;1994;43
Tecnologia de superfícies e revestimentos;Química;1994;40
Ótica;Instrumentos;1994;38
Química de alimentos;Química;1994;37
Produtos farmacêuticos;Química;1994;24
Biotecnologia;Química;1994;9
Processos básicos de comunicação;Engenharia elétrica;1994;9
Química macromolecular e polímeros;Química;1994;7
Química orgânica fina;Química;1994;5
Análise de material biológico;Instrumentos;1994;5
Semicondutores;Engenharia elétrica;1994;1
Métodos de gestão em TI;Engenharia elétrica;1994;
Comunicação digital;Engenharia elétrica;1994;
Microestruturas e nanotecnologia;Química;1994;
Mobiliário - jogos;Outras áreas;1995;754
Transporte;Engenharia mecânica;1995;572
Outros bens de consumo;Outras áreas;1995;517
Manejo;Engenharia mecânica;1995;509
Engenharia civil;Outras áreas;1995;495
Outras maquinas especiais;Engenharia mecânica;1995;368
Tecnologia aplicada a medicina;Instrumentos;1995;239
Máquinas - aparelhos elétricos - energia;Engenharia elétrica;1995;239
Elementos mecânicos;Engenharia mecânica;1995;234
Máquinas ferramentas;Engenharia mecânica;1995;202
Tecnologia audiovisual;Engenharia elétrica;1995;173
Controle;Instrumentos;1995;146
Aparelhos e processos térmicos;Engenharia mecânica;1995;114
Engenharia química;Química;1995;105
Medição;Instrumentos;1995;105
Motores - bombas - turbinas;Engenharia mecânica;1995;93
Máquinas têxteis e de papel;Engenharia mecânica;1995;93
Telecomunicações;Engenharia elétrica;1995;91
Materiais - metalurgia;Química;1995;80
Tecnologia aplicada ao meio ambiente;Química;1995;76
Tecnologia da computação;Engenharia elétrica;1995;62
Ótica;Instrumentos;1995;44
Química de materiais básicos;Química;1995;42
Química de alimentos;Química;1995;38
Tecnologia de superfícies e revestimentos;Química;1995;29
Química macromolecular e polímeros;Química;1995;23
Produtos farmacêuticos;Química;1995;19
Processos básicos de comunicação;Engenharia elétrica;1995;15
Química orgânica fina;Química;1995;11
Biotecnologia;Química;1995;11
Análise de material biológico;Instrumentos;1995;3
Comunicação digital;Engenharia elétrica;1995;2
Semicondutores;Engenharia elétrica;1995;2
Métodos de gestão em TI;Engenharia elétrica;1995;
Microestruturas e nanotecnologia;Química;1995;
Mobiliário - jogos;Outras áreas;1996;759
Manejo;Engenharia mecânica;1996;559
Outros bens de consumo;Outras áreas;1996;482
Transporte;Engenharia mecânica;1996;478
Engenharia civil;Outras áreas;1996;461
Outras maquinas especiais;Engenharia mecânica;1996;336
Tecnologia aplicada a medicina;Instrumentos;1996;256
Máquinas - aparelhos elétricos - energia;Engenharia elétrica;1996;256
Elementos mecânicos;Engenharia mecânica;1996;222
Tecnologia audiovisual;Engenharia elétrica;1996;173
Controle;Instrumentos;1996;156
Máquinas ferramentas;Engenharia mecânica;1996;146
Aparelhos e processos térmicos;Engenharia mecânica;1996;126
Medição;Instrumentos;1996;113
Engenharia química;Química;1996;111
Motores - bombas - turbinas;Engenharia mecânica;1996;100
Máquinas têxteis e de papel;Engenharia mecânica;1996;95
Telecomunicações;Engenharia elétrica;1996;81
Tecnologia aplicada ao meio ambiente;Química;1996;74
Tecnologia da computação;Engenharia elétrica;1996;62
Materiais - metalurgia;Química;1996;60
Química de materiais básicos;Química;1996;49
Química de alimentos;Química;1996;35
Tecnologia de superfícies e revestimentos;Química;1996;25
Processos básicos de comunicação;Engenharia elétrica;1996;21
Ótica;Instrumentos;1996;20
Produtos farmacêuticos;Química;1996;18
Química macromolecular e polímeros;Química;1996;15
Química orgânica fina;Química;1996;13
Biotecnologia;Química;1996;12
Análise de material biológico;Instrumentos;1996;8
Comunicação digital;Engenharia elétrica;1996;2
Semicondutores;Engenharia elétrica;1996;1
Métodos de gestão em TI;Engenharia elétrica;1996;
Microestruturas e nanotecnologia;Química;1996;
Mobiliário - jogos;Outras áreas;1997;775
Engenharia civil;Outras áreas;1997;540
Manejo;Engenharia mecânica;1997;505
Outros bens de consumo;Outras áreas;1997;441
Transporte;Engenharia mecânica;1997;439
Outras maquinas especiais;Engenharia mecânica;1997;315
Tecnologia aplicada a medicina;Instrumentos;1997;282
Máquinas - aparelhos elétricos - energia;Engenharia elétrica;1997;276
Elementos mecânicos;Engenharia mecânica;1997;227
Máquinas ferramentas;Engenharia mecânica;1997;191
Controle;Instrumentos;1997;171
Tecnologia audiovisual;Engenharia elétrica;1997;159
Engenharia química;Química;1997;125
Medição;Instrumentos;1997;125
Aparelhos e processos térmicos;Engenharia mecânica;1997;110
Telecomunicações;Engenharia elétrica;1997;101
Motores - bombas - turbinas;Engenharia mecânica;1997;95
Tecnologia aplicada ao meio ambiente;Química;1997;87
Química de materiais básicos;Química;1997;81
Máquinas têxteis e de papel;Engenharia mecânica;1997;78
Química de alimentos;Química;1997;66
Materiais - metalurgia;Química;1997;58
Tecnologia da computação;Engenharia elétrica;1997;58
Produtos farmacêuticos;Química;1997;55
Ótica;Instrumentos;1997;37
Biotecnologia;Química;1997;36
Tecnologia de superfícies e revestimentos;Química;1997;32
Química macromolecular e polímeros;Química;1997;24
Processos básicos de comunicação;Engenharia elétrica;1997;18
Química orgânica fina;Química;1997;13
Análise de material biológico;Instrumentos;1997;6
Comunicação digital;Engenharia elétrica;1997;2
Métodos de gestão em TI;Engenharia elétrica;1997;
Semicondutores;Engenharia elétrica;1997;
Microestruturas e nanotecnologia;Química;1997;
Mobiliário - jogos;Outras áreas;1998;666
Engenharia civil;Outras áreas;1998;540
Manejo;Engenharia mecânica;1998;537
Outros bens de consumo;Outras áreas;1998;461
Transporte;Engenharia mecânica;1998;456
Outras maquinas especiais;Engenharia mecânica;1998;339
Tecnologia aplicada a medicina;Instrumentos;1998;265
Máquinas - aparelhos elétricos - energia;Engenharia elétrica;1998;229
Elementos mecânicos;Engenharia mecânica;1998;191
Tecnologia audiovisual;Engenharia elétrica;1998;179
Controle;Instrumentos;1998;167
Máquinas ferramentas;Engenharia mecânica;1998;144
Medição;Instrumentos;1998;129
Aparelhos e processos térmicos;Engenharia mecânica;1998;122
Tecnologia aplicada ao meio ambiente;Química;1998;96
Telecomunicações;Engenharia elétrica;1998;94
Engenharia química;Química;1998;93
Motores - bombas - turbinas;Engenharia mecânica;1998;89
Produtos farmacêuticos;Química;1998;87
Química de alimentos;Química;1998;85
Máquinas têxteis e de papel;Engenharia mecânica;1998;74
Química de materiais básicos;Química;1998;57
Materiais - metalurgia;Química;1998;54
Tecnologia da computação;Engenharia elétrica;1998;52
Tecnologia de superfícies e revestimentos;Química;1998;35
Ótica;Instrumentos;1998;28
Química orgânica fina;Química;1998;16
Processos básicos de comunicação;Engenharia elétrica;1998;15
Química macromolecular e polímeros;Química;1998;14
Biotecnologia;Química;1998;13
Análise de material biológico;Instrumentos;1998;6
Comunicação digital;Engenharia elétrica;1998;5
Semicondutores;Engenharia elétrica;1998;3
Métodos de gestão em TI;Engenharia elétrica;1998;
Microestruturas e nanotecnologia;Química;1998;
Mobiliário - jogos;Outras áreas;1999;772
Engenharia civil;Outras áreas;1999;676
Manejo;Engenharia mecânica;1999;520
Outros bens de consumo;Outras áreas;1999;475
Transporte;Engenharia mecânica;1999;469
Outras maquinas especiais;Engenharia mecânica;1999;409
Tecnologia aplicada a medicina;Instrumentos;1999;290
Máquinas - aparelhos elétricos - energia;Engenharia elétrica;1999;287
Tecnologia audiovisual;Engenharia elétrica;1999;228
Elementos mecânicos;Engenharia mecânica;1999;223
Controle;Instrumentos;1999;209
Máquinas ferramentas;Engenharia mecânica;1999;162
Medição;Instrumentos;1999;153
Aparelhos e processos térmicos;Engenharia mecânica;1999;148
Engenharia química;Química;1999;147
Motores - bombas - turbinas;Engenharia mecânica;1999;117
Química de alimentos;Química;1999;103
Telecomunicações;Engenharia elétrica;1999;101
Produtos farmacêuticos;Química;1999;88
Máquinas têxteis e de papel;Engenharia mecânica;1999;79
Tecnologia aplicada ao meio ambiente;Química;1999;77
Química de materiais básicos;Química;1999;73
Tecnologia da computação;Engenharia elétrica;1999;63
Materiais - metalurgia;Química;1999;61
Tecnologia de superfícies e revestimentos;Química;1999;60
Ótica;Instrumentos;1999;51
Biotecnologia;Química;1999;23
Química orgânica fina;Química;1999;22
Química macromolecular e polímeros;Química;1999;15
Análise de material biológico;Instrumentos;1999;13
Processos básicos de comunicação;Engenharia elétrica;1999;7
Comunicação digital;Engenharia elétrica;1999;5
Semicondutores;Engenharia elétrica;1999;2
Métodos de gestão em TI;Engenharia elétrica;1999;
Microestruturas e nanotecnologia;Química;1999;
Mobiliário - jogos;Outras áreas;2000;759
Engenharia civil;Outras áreas;2000;602
Transporte;Engenharia mecânica;2000;528
Manejo;Engenharia mecânica;2000;524
Outros bens de consumo;Outras áreas;2000;469
Outras maquinas especiais;Engenharia mecânica;2000;444
Tecnologia aplicada a medicina;Instrumentos;2000;308
Máquinas - aparelhos elétricos - energia;Engenharia elétrica;2000;293
Elementos mecânicos;Engenharia mecânica;2000;239
Tecnologia audiovisual;Engenharia elétrica;2000;210
Controle;Instrumentos;2000;208
Máquinas ferramentas;Engenharia mecânica;2000;154
Engenharia química;Química;2000;146
Motores - bombas - turbinas;Engenharia mecânica;2000;140
Medição;Instrumentos;2000;137
Química de alimentos;Química;2000;111
Máquinas têxteis e de papel;Engenharia mecânica;2000;111
Tecnologia aplicada ao meio ambiente;Química;2000;110
Aparelhos e processos térmicos;Engenharia mecânica;2000;108
Telecomunicações;Engenharia elétrica;2000;101
Produtos farmacêuticos;Química;2000;93
Tecnologia da computação;Engenharia elétrica;2000;90
Materiais - metalurgia;Química;2000;80
Química de materiais básicos;Química;2000;73
Ótica;Instrumentos;2000;36
Tecnologia de superfícies e revestimentos;Química;2000;35
Biotecnologia;Química;2000;30
Química macromolecular e polímeros;Química;2000;30
Química orgânica fina;Química;2000;16
Processos básicos de comunicação;Engenharia elétrica;2000;11
Comunicação digital;Engenharia elétrica;2000;10
Análise de material biológico;Instrumentos;2000;9
Semicondutores;Engenharia elétrica;2000;6
Métodos de gestão em TI;Engenharia elétrica;2000;
Microestruturas e nanotecnologia;Química;2000;
Mobiliário - jogos;Outras áreas;2001;707
Engenharia civil;Outras áreas;2001;615
Manejo;Engenharia mecânica;2001;568
Outros bens de consumo;Outras áreas;2001;541
Transporte;Engenharia mecânica;2001;493
Outras maquinas especiais;Engenharia mecânica;2001;468
Máquinas - aparelhos elétricos - energia;Engenharia elétrica;2001;342
Tecnologia aplicada a medicina;Instrumentos;2001;302
Elementos mecânicos;Engenharia mecânica;2001;274
Aparelhos e processos térmicos;Engenharia mecânica;2001;264
Motores - bombas - turbinas;Engenharia mecânica;2001;188
Tecnologia audiovisual;Engenharia elétrica;2001;180
Medição;Instrumentos;2001;174
Engenharia química;Química;2001;167
Controle;Instrumentos;2001;167
Máquinas ferramentas;Engenharia mecânica;2001;165
Máquinas têxteis e de papel;Engenharia mecânica;2001;123
Tecnologia aplicada ao meio ambiente;Química;2001;115
Produtos farmacêuticos;Química;2001;110
Telecomunicações;Engenharia elétrica;2001;99
Química de materiais básicos;Química;2001;92
Química de alimentos;Química;2001;87
Materiais - metalurgia;Química;2001;86
Tecnologia da computação;Engenharia elétrica;2001;58
Tecnologia de superfícies e revestimentos;Química;2001;48
Ótica;Instrumentos;2001;44
Química orgânica fina;Química;2001;22
Biotecnologia;Química;2001;20
Química macromolecular e polímeros;Química;2001;18
Análise de material biológico;Instrumentos;2001;13
Processos básicos de comunicação;Engenharia elétrica;2001;13
Comunicação digital;Engenharia elétrica;2001;9
Semicondutores;Engenharia elétrica;2001;1
Métodos de gestão em TI;Engenharia elétrica;2001;
Microestruturas e nanotecnologia;Química;2001;
Mobiliário - jogos;Outras áreas;2002;740
Manejo;Engenharia mecânica;2002;615
Engenharia civil;Outras áreas;2002;579
Outras maquinas especiais;Engenharia mecânica;2002;516
Transporte;Engenharia mecânica;2002;506
Outros bens de consumo;Outras áreas;2002;503
Tecnologia aplicada a medicina;Instrumentos;2002;403
Máquinas - aparelhos elétricos - energia;Engenharia elétrica;2002;274
Elementos mecânicos;Engenharia mecânica;2002;268
Controle;Instrumentos;2002;193
Tecnologia audiovisual;Engenharia elétrica;2002;190
Engenharia química;Química;2002;167
Motores - bombas - turbinas;Engenharia mecânica;2002;165
Máquinas ferramentas;Engenharia mecânica;2002;158
Medição;Instrumentos;2002;158
Aparelhos e processos térmicos;Engenharia mecânica;2002;152
Química de materiais básicos;Química;2002;119
Produtos farmacêuticos;Química;2002;117
Química de alimentos;Química;2002;116
Tecnologia aplicada ao meio ambiente;Química;2002;115
Máquinas têxteis e de papel;Engenharia mecânica;2002;113
Telecomunicações;Engenharia elétrica;2002;108
Tecnologia da computação;Engenharia elétrica;2002;83
Materiais - metalurgia;Química;2002;71
Tecnologia de superfícies e revestimentos;Química;2002;47
Ótica;Instrumentos;2002;36
Biotecnologia;Química;2002;34
Química macromolecular e polímeros;Química;2002;32
Química orgânica fina;Química;2002;21
Análise de material biológico;Instrumentos;2002;18
Comunicação digital;Engenharia elétrica;2002;13
Processos básicos de comunicação;Engenharia elétrica;2002;9
Semicondutores;Engenharia elétrica;2002;4
Métodos de gestão em TI;Engenharia elétrica;2002;
Microestruturas e nanotecnologia;Química;2002;
Mobiliário - jogos;Outras áreas;2003;822
Engenharia civil;Outras áreas;2003;638
Outras maquinas especiais;Engenharia mecânica;2003;603
Manejo;Engenharia mecânica;2003;592
Outros bens de consumo;Outras áreas;2003;545
Transporte;Engenharia mecânica;2003;518
Tecnologia aplicada a medicina;Instrumentos;2003;419
Máquinas - aparelhos elétricos - energia;Engenharia elétrica;2003;274
Elementos mecânicos;Engenharia mecânica;2003;253
Máquinas ferramentas;Engenharia mecânica;2003;186
Medição;Instrumentos;2003;180
Controle;Instrumentos;2003;174
Tecnologia audiovisual;Engenharia elétrica;2003;172
Engenharia química;Química;2003;170
Motores - bombas - turbinas;Engenharia mecânica;2003;168
Produtos farmacêuticos;Química;2003;166
Aparelhos e processos térmicos;Engenharia mecânica;2003;162
Tecnologia aplicada ao meio ambiente;Química;2003;153
Máquinas têxteis e de papel;Engenharia mecânica;2003;126
Química de materiais básicos;Química;2003;124
Química de alimentos;Química;2003;113
Materiais - metalurgia;Química;2003;99
Telecomunicações;Engenharia elétrica;2003;94
Tecnologia da computação;Engenharia elétrica;2003;86
Tecnologia de superfícies e revestimentos;Química;2003;54
Biotecnologia;Química;2003;48
Ótica;Instrumentos;2003;37
Química macromolecular e polímeros;Química;2003;34
Química orgânica fina;Química;2003;28
Comunicação digital;Engenharia elétrica;2003;13
Análise de material biológico;Instrumentos;2003;11
Processos básicos de comunicação;Engenharia elétrica;2003;10
Semicondutores;Engenharia elétrica;2003;7
Microestruturas e nanotecnologia;Química;2003;2
Métodos de gestão em TI;Engenharia elétrica;2003;
Mobiliário - jogos;Outras áreas;2004;776
Engenharia civil;Outras áreas;2004;660
Manejo;Engenharia mecânica;2004;648
Outras maquinas especiais;Engenharia mecânica;2004;606
Outros bens de consumo;Outras áreas;2004;534
Transporte;Engenharia mecânica;2004;531
Tecnologia aplicada a medicina;Instrumentos;2004;417
Máquinas - aparelhos elétricos - energia;Engenharia elétrica;2004;283
Elementos mecânicos;Engenharia mecânica;2004;280
Máquinas ferramentas;Engenharia mecânica;2004;215
Tecnologia audiovisual;Engenharia elétrica;2004;204
Motores - bombas - turbinas;Engenharia mecânica;2004;199
Engenharia química;Química;2004;180
Controle;Instrumentos;2004;174
Medição;Instrumentos;2004;171
Produtos farmacêuticos;Química;2004;166
Química de materiais básicos;Química;2004;165
Aparelhos e processos térmicos;Engenharia mecânica;2004;148
Tecnologia aplicada ao meio ambiente;Química;2004;143
Química de alimentos;Química;2004;128
Máquinas têxteis e de papel;Engenharia mecânica;2004;127
Telecomunicações;Engenharia elétrica;2004;124
Materiais - metalurgia;Química;2004;110
Tecnologia da computação;Engenharia elétrica;2004;92
Tecnologia de superfícies e revestimentos;Química;2004;54
Química macromolecular e polímeros;Química;2004;41
Ótica;Instrumentos;2004;39
Química orgânica fina;Química;2004;33
Biotecnologia;Química;2004;33
Análise de material biológico;Instrumentos;2004;23
Comunicação digital;Engenharia elétrica;2004;19
Semicondutores;Engenharia elétrica;2004;9
Processos básicos de comunicação;Engenharia elétrica;2004;4
Microestruturas e nanotecnologia;Química;2004;3
Métodos de gestão em TI;Engenharia elétrica;2004;
Mobiliário - jogos;Outras áreas;2005;701
Outras maquinas especiais;Engenharia mecânica;2005;629
Manejo;Engenharia mecânica;2005;589
Engenharia civil;Outras áreas;2005;575
Outros bens de consumo;Outras áreas;2005;521
Transporte;Engenharia mecânica;2005;519
Tecnologia aplicada a medicina;Instrumentos;2005;401
Máquinas - aparelhos elétricos - energia;Engenharia elétrica;2005;265
Elementos mecânicos;Engenharia mecânica;2005;259
Engenharia química;Química;2005;190
Aparelhos e processos térmicos;Engenharia mecânica;2005;187
Máquinas ferramentas;Engenharia mecânica;2005;177
Medição;Instrumentos;2005;172
Controle;Instrumentos;2005;172
Motores - bombas - turbinas;Engenharia mecânica;2005;170
Química de materiais básicos;Química;2005;162
Tecnologia audiovisual;Engenharia elétrica;2005;159
Química de alimentos;Química;2005;155
Produtos farmacêuticos;Química;2005;134
Máquinas têxteis e de papel;Engenharia mecânica;2005;128
Tecnologia aplicada ao meio ambiente;Química;2005;120
Materiais - metalurgia;Química;2005;119
Telecomunicações;Engenharia elétrica;2005;92
Tecnologia da computação;Engenharia elétrica;2005;87
Tecnologia de superfícies e revestimentos;Química;2005;67
Química orgânica fina;Química;2005;57
Biotecnologia;Química;2005;41
Ótica;Instrumentos;2005;36
Química macromolecular e polímeros;Química;2005;35
Análise de material biológico;Instrumentos;2005;29
Comunicação digital;Engenharia elétrica;2005;12
Processos básicos de comunicação;Engenharia elétrica;2005;10
Semicondutores;Engenharia elétrica;2005;7
Métodos de gestão em TI;Engenharia elétrica;2005;4
Microestruturas e nanotecnologia;Química;2005;3
Mobiliário - jogos;Outras áreas;2006;650
Engenharia civil;Outras áreas;2006;575
Outras maquinas especiais;Engenharia mecânica;2006;547
Manejo;Engenharia mecânica;2006;541
Outros bens de consumo;Outras áreas;2006;521
Transporte;Engenharia mecânica;2006;473
Tecnologia aplicada a medicina;Instrumentos;2006;413
Máquinas - aparelhos elétricos - energia;Engenharia elétrica;2006;282
Elementos mecânicos;Engenharia mecânica;2006;218
Máquinas ferramentas;Engenharia mecânica;2006;216
Química de materiais básicos;Química;2006;196
Aparelhos e processos térmicos;Engenharia mecânica;2006;190
Tecnologia audiovisual;Engenharia elétrica;2006;185
Motores - bombas - turbinas;Engenharia mecânica;2006;185
Engenharia química;Química;2006;174
Medição;Instrumentos;2006;173
Química de alimentos;Química;2006;139
Materiais - metalurgia;Química;2006;131
Controle;Instrumentos;2006;125
Produtos farmacêuticos;Química;2006;118
Máquinas têxteis e de papel;Engenharia mecânica;2006;118
Tecnologia aplicada ao meio ambiente;Química;2006;107
Telecomunicações;Engenharia elétrica;2006;95
Tecnologia da computação;Engenharia elétrica;2006;81
Tecnologia de superfícies e revestimentos;Química;2006;76
Química orgânica fina;Química;2006;72
Biotecnologia;Química;2006;46
Métodos de gestão em TI;Engenharia elétrica;2006;43
Ótica;Instrumentos;2006;39
Química macromolecular e polímeros;Química;2006;38
Comunicação digital;Engenharia elétrica;2006;21
Análise de material biológico;Instrumentos;2006;16
Processos básicos de comunicação;Engenharia elétrica;2006;12
Semicondutores;Engenharia elétrica;2006;9
Microestruturas e nanotecnologia;Química;2006;2
Mobiliário - jogos;Outras áreas;2007;635
Engenharia civil;Outras áreas;2007;547
Manejo;Engenharia mecânica;2007;545
Transporte;Engenharia mecânica;2007;516
Outras maquinas especiais;Engenharia mecânica;2007;497
Outros bens de consumo;Outras áreas;2007;492
Tecnologia aplicada a medicina;Instrumentos;2007;406
Máquinas - aparelhos elétricos - energia;Engenharia elétrica;2007;238
Química de materiais básicos;Química;2007;226
Elementos mecânicos;Engenharia mecânica;2007;223
Engenharia química;Química;2007;223
Medição;Instrumentos;2007;206
Motores - bombas - turbinas;Engenharia mecânica;2007;178
Aparelhos e processos térmicos;Engenharia mecânica;2007;165
Máquinas ferramentas;Engenharia mecânica;2007;158
Tecnologia audiovisual;Engenharia elétrica;2007;145
Química de alimentos;Química;2007;140
Produtos farmacêuticos;Química;2007;136
Controle;Instrumentos;2007;128
Tecnologia aplicada ao meio ambiente;Química;2007;122
Química orgânica fina;Química;2007;118
Máquinas têxteis e de papel;Engenharia mecânica;2007;117
Materiais - metalurgia;Química;2007;112
Telecomunicações;Engenharia elétrica;2007;95
Tecnologia da computação;Engenharia elétrica;2007;91
Biotecnologia;Química;2007;80
Química macromolecular e polímeros;Química;2007;52
Tecnologia de superfícies e revestimentos;Química;2007;46
Métodos de gestão em TI;Engenharia elétrica;2007;42
Ótica;Instrumentos;2007;32
Comunicação digital;Engenharia elétrica;2007;24
Análise de material biológico;Instrumentos;2007;17
Semicondutores;Engenharia elétrica;2007;9
Processos básicos de comunicação;Engenharia elétrica;2007;8
Microestruturas e nanotecnologia;Química;2007;7
Mobiliário - jogos;Outras áreas;2008;686
Engenharia civil;Outras áreas;2008;600
Transporte;Engenharia mecânica;2008;564
Outras maquinas especiais;Engenharia mecânica;2008;534
Manejo;Engenharia mecânica;2008;493
Outros bens de consumo;Outras áreas;2008;492
Tecnologia aplicada a medicina;Instrumentos;2008;423
Máquinas - aparelhos elétricos - energia;Engenharia elétrica;2008;302
Elementos mecânicos;Engenharia mecânica;2008;244
Engenharia química;Química;2008;216
Máquinas ferramentas;Engenharia mecânica;2008;197
Química de materiais básicos;Química;2008;193
Medição;Instrumentos;2008;192
Motores - bombas - turbinas;Engenharia mecânica;2008;167
Aparelhos e processos térmicos;Engenharia mecânica;2008;165
Tecnologia audiovisual;Engenharia elétrica;2008;164
Controle;Instrumentos;2008;147
Química de alimentos;Química;2008;141
Tecnologia aplicada ao meio ambiente;Química;2008;132
Produtos farmacêuticos;Química;2008;128
Materiais - metalurgia;Química;2008;128
Tecnologia da computação;Engenharia elétrica;2008;116
Química orgânica fina;Química;2008;110
Máquinas têxteis e de papel;Engenharia mecânica;2008;102
Telecomunicações;Engenharia elétrica;2008;85
Biotecnologia;Química;2008;85
Métodos de gestão em TI;Engenharia elétrica;2008;64
Tecnologia de superfícies e revestimentos;Química;2008;58
Química macromolecular e polímeros;Química;2008;37
Ótica;Instrumentos;2008;34
Análise de material biológico;Instrumentos;2008;27
Comunicação digital;Engenharia elétrica;2008;24
Processos básicos de comunicação;Engenharia elétrica;2008;13
Semicondutores;Engenharia elétrica;2008;5
Microestruturas e nanotecnologia;Química;2008;4
Engenharia civil;Outras áreas;2009;691
Mobiliário - jogos;Outras áreas;2009;651
Transporte;Engenharia mecânica;2009;577
Outros bens de consumo;Outras áreas;2009;521
Manejo;Engenharia mecânica;2009;516
Outras maquinas especiais;Engenharia mecânica;2009;481
Tecnologia aplicada a medicina;Instrumentos;2009;419
Máquinas - aparelhos elétricos - energia;Engenharia elétrica;2009;302
Elementos mecânicos;Engenharia mecânica;2009;253
Engenharia química;Química;2009;208
Motores - bombas - turbinas;Engenharia mecânica;2009;196
Medição;Instrumentos;2009;185
Química de materiais básicos;Química;2009;171
Máquinas ferramentas;Engenharia mecânica;2009;164
Aparelhos e processos térmicos;Engenharia mecânica;2009;160
Controle;Instrumentos;2009;157
Química de alimentos;Química;2009;154
Tecnologia aplicada ao meio ambiente;Química;2009;134
Tecnologia audiovisual;Engenharia elétrica;2009;130
Materiais - metalurgia;Química;2009;128
Produtos farmacêuticos;Química;2009;127
Tecnologia da computação;Engenharia elétrica;2009;105
Química orgânica fina;Química;2009;91
Máquinas têxteis e de papel;Engenharia mecânica;2009;88
Telecomunicações;Engenharia elétrica;2009;66
Tecnologia de superfícies e revestimentos;Química;2009;65
Química macromolecular e polímeros;Química;2009;58
Biotecnologia;Química;2009;53
Métodos de gestão em TI;Engenharia elétrica;2009;46
Comunicação digital;Engenharia elétrica;2009;44
Ótica;Instrumentos;2009;37
Semicondutores;Engenharia elétrica;2009;19
Análise de material biológico;Instrumentos;2009;18
Processos básicos de comunicação;Engenharia elétrica;2009;9
Microestruturas e nanotecnologia;Química;2009;8
Outras maquinas especiais;Engenharia mecânica;2010;577
Engenharia civil;Outras áreas;2010;575
Mobiliário - jogos;Outras áreas;2010;556
Transporte;Engenharia mecânica;2010;446
Outros bens de consumo;Outras áreas;2010;431
Manejo;Engenharia mecânica;2010;416
Tecnologia aplicada a medicina;Instrumentos;2010;351
Máquinas - aparelhos elétricos - energia;Engenharia elétrica;2010;279
Elementos mecânicos;Engenharia mecânica;2010;235
Engenharia química;Química;2010;223
Máquinas ferramentas;Engenharia mecânica;2010;181
Química de alimentos;Química;2010;174
Aparelhos e processos térmicos;Engenharia mecânica;2010;166
Medição;Instrumentos;2010;160
Controle;Instrumentos;2010;152
Produtos farmacêuticos;Química;2010;149
Motores - bombas - turbinas;Engenharia mecânica;2010;146
Química de materiais básicos;Química;2010;144
Tecnologia aplicada ao meio ambiente;Química;2010;131
Materiais - metalurgia;Química;2010;123
Tecnologia audiovisual;Engenharia elétrica;2010;108
Química orgânica fina;Química;2010;97
Tecnologia da computação;Engenharia elétrica;2010;94
Biotecnologia;Química;2010;85
Máquinas têxteis e de papel;Engenharia mecânica;2010;82
Tecnologia de superfícies e revestimentos;Química;2010;73
Telecomunicações;Engenharia elétrica;2010;61
Métodos de gestão em TI;Engenharia elétrica;2010;55
Química macromolecular e polímeros;Química;2010;51
Ótica;Instrumentos;2010;29
Comunicação digital;Engenharia elétrica;2010;29
Análise de material biológico;Instrumentos;2010;22
Semicondutores;Engenharia elétrica;2010;10
Processos básicos de comunicação;Engenharia elétrica;2010;7
Microestruturas e nanotecnologia;Química;2010;7
Engenharia civil;Outras áreas;2011;581
Mobiliário - jogos;Outras áreas;2011;549
Outras maquinas especiais;Engenharia mecânica;2011;510
Transporte;Engenharia mecânica;2011;454
Outros bens de consumo;Outras áreas;2011;429
Manejo;Engenharia mecânica;2011;425
Tecnologia aplicada a medicina;Instrumentos;2011;392
Máquinas - aparelhos elétricos - energia;Engenharia elétrica;2011;280
Elementos mecânicos;Engenharia mecânica;2011;221
Engenharia química;Química;2011;205
Medição;Instrumentos;2011;200
Química de materiais básicos;Química;2011;187
Produtos farmacêuticos;Química;2011;164
Motores - bombas - turbinas;Engenharia mecânica;2011;162
Aparelhos e processos térmicos;Engenharia mecânica;2011;157
Química de alimentos;Química;2011;152
Máquinas ferramentas;Engenharia mecânica;2011;151
Controle;Instrumentos;2011;128
Tecnologia audiovisual;Engenharia elétrica;2011;128
Química orgânica fina;Química;2011;117
Tecnologia aplicada ao meio ambiente;Química;2011;114
Materiais - metalurgia;Química;2011;114
Tecnologia da computação;Engenharia elétrica;2011;101
Máquinas têxteis e de papel;Engenharia mecânica;2011;97
Biotecnologia;Química;2011;89
Química macromolecular e polímeros;Química;2011;75
Telecomunicações;Engenharia elétrica;2011;70
Tecnologia de superfícies e revestimentos;Química;2011;59
Métodos de gestão em TI;Engenharia elétrica;2011;58
Comunicação digital;Engenharia elétrica;2011;47
Ótica;Instrumentos;2011;27
Análise de material biológico;Instrumentos;2011;21
Processos básicos de comunicação;Engenharia elétrica;2011;10
Microestruturas e nanotecnologia;Química;2011;8
Semicondutores;Engenharia elétrica;2011;6
Mobiliário - jogos;Outras áreas;2012;566
Outras maquinas especiais;Engenharia mecânica;2012;549
Engenharia civil;Outras áreas;2012;535
Transporte;Engenharia mecânica;2012;492
Manejo;Engenharia mecânica;2012;459
Outros bens de consumo;Outras áreas;2012;408
Tecnologia aplicada a medicina;Instrumentos;2012;361
Máquinas - aparelhos elétricos - energia;Engenharia elétrica;2012;298
Engenharia química;Química;2012;223
Produtos farmacêuticos;Química;2012;192
Medição;Instrumentos;2012;175
Química de materiais básicos;Química;2012;170
Elementos mecânicos;Engenharia mecânica;2012;166
Aparelhos e processos térmicos;Engenharia mecânica;2012;151
Motores - bombas - turbinas;Engenharia mecânica;2012;150
Máquinas ferramentas;Engenharia mecânica;2012;144
Controle;Instrumentos;2012;133
Tecnologia aplicada ao meio ambiente;Química;2012;127
Tecnologia audiovisual;Engenharia elétrica;2012;124
Química de alimentos;Química;2012;121
Biotecnologia;Química;2012;119
Química orgânica fina;Química;2012;114
Materiais - metalurgia;Química;2012;111
Tecnologia da computação;Engenharia elétrica;2012;102
Métodos de gestão em TI;Engenharia elétrica;2012;90
Máquinas têxteis e de papel;Engenharia mecânica;2012;80
Comunicação digital;Engenharia elétrica;2012;66
Telecomunicações;Engenharia elétrica;2012;63
Tecnologia de superfícies e revestimentos;Química;2012;53
Química macromolecular e polímeros;Química;2012;52
Ótica;Instrumentos;2012;40
Análise de material biológico;Instrumentos;2012;22
Processos básicos de comunicação;Engenharia elétrica;2012;17
Semicondutores;Engenharia elétrica;2012;9
Microestruturas e nanotecnologia;Química;2012;4
Outras maquinas especiais;Engenharia mecânica;2013;600
Engenharia civil;Outras áreas;2013;559
Mobiliário - jogos;Outras áreas;2013;551
Transporte;Engenharia mecânica;2013;463
Outros bens de consumo;Outras áreas;2013;404
Manejo;Engenharia mecânica;2013;370
Tecnologia aplicada a medicina;Instrumentos;2013;335
Máquinas - aparelhos elétricos - energia;Engenharia elétrica;2013;281
Elementos mecânicos;Engenharia mecânica;2013;186
Engenharia química;Química;2013;178
Produtos farmacêuticos;Química;2013;178
Tecnologia aplicada ao meio ambiente;Química;2013;165
Química de alimentos;Química;2013;164
Química de materiais básicos;Química;2013;155
Controle;Instrumentos;2013;154
Medição;Instrumentos;2013;153
Aparelhos e processos térmicos;Engenharia mecânica;2013;148
Materiais - metalurgia;Química;2013;146
Motores - bombas - turbinas;Engenharia mecânica;2013;141
Máquinas ferramentas;Engenharia mecânica;2013;139
Biotecnologia;Química;2013;127
Química orgânica fina;Química;2013;126
Métodos de gestão em TI;Engenharia elétrica;2013;109
Tecnologia da computação;Engenharia elétrica;2013;104
Tecnologia audiovisual;Engenharia elétrica;2013;102
Máquinas têxteis e de papel;Engenharia mecânica;2013;77
Comunicação digital;Engenharia elétrica;2013;65
Telecomunicações;Engenharia elétrica;2013;62
Química macromolecular e polímeros;Química;2013;53
Tecnologia de superfícies e revestimentos;Química;2013;51
Análise de material biológico;Instrumentos;2013;28
Ótica;Instrumentos;2013;27
Processos básicos de comunicação;Engenharia elétrica;2013;14
Semicondutores;Engenharia elétrica;2013;6
Microestruturas e nanotecnologia;Química;2013;1
Engenharia civil;Outras áreas;2014;517
Outras maquinas especiais;Engenharia mecânica;2014;487
Mobiliário - jogos;Outras áreas;2014;381
Transporte;Engenharia mecânica;2014;376
Manejo;Engenharia mecânica;2014;353
Tecnologia aplicada a medicina;Instrumentos;2014;294
Outros bens de consumo;Outras áreas;2014;278
Máquinas - aparelhos elétricos - energia;Engenharia elétrica;2014;206
Engenharia química;Química;2014;188
Medição;Instrumentos;2014;172
Elementos mecânicos;Engenharia mecânica;2014;162
Controle;Instrumentos;2014;156
Máquinas ferramentas;Engenharia mecânica;2014;152
Química de materiais básicos;Química;2014;144
Produtos farmacêuticos;Química;2014;141
Química de alimentos;Química;2014;134
Tecnologia aplicada ao meio ambiente;Química;2014;129
Aparelhos e processos térmicos;Engenharia mecânica;2014;113
Motores - bombas - turbinas;Engenharia mecânica;2014;113
Química orgânica fina;Química;2014;113
Biotecnologia;Química;2014;111
Materiais - metalurgia;Química;2014;103
Tecnologia da computação;Engenharia elétrica;2014;94
Tecnologia de superfícies e revestimentos;Química;2014;66
Métodos de gestão em TI;Engenharia elétrica;2014;63
Tecnologia audiovisual;Engenharia elétrica;2014;60
Química macromolecular e polímeros;Química;2014;57
Comunicação digital;Engenharia elétrica;2014;56
Máquinas têxteis e de papel;Engenharia mecânica;2014;53
Telecomunicações;Engenharia elétrica;2014;47
Ótica;Instrumentos;2014;30
Análise de material biológico;Instrumentos;2014;24
Processos básicos de comunicação;Engenharia elétrica;2014;12
Semicondutores;Engenharia elétrica;2014;8
Microestruturas e nanotecnologia;Química;2014;5
Engenharia civil;Outras áreas;2015;501
Outras maquinas especiais;Engenharia mecânica;2015;452
Mobiliário - jogos;Outras áreas;2015;434
Transporte;Engenharia mecânica;2015;348
Manejo;Engenharia mecânica;2015;307
Tecnologia aplicada a medicina;Instrumentos;2015;300
Outros bens de consumo;Outras áreas;2015;272
Máquinas - aparelhos elétricos - energia;Engenharia elétrica;2015;212
Engenharia química;Química;2015;183
Medição;Instrumentos;2015;183
Produtos farmacêuticos;Química;2015;170
Química de alimentos;Química;2015;153
Elementos mecânicos;Engenharia mecânica;2015;152
Química de materiais básicos;Química;2015;146
Biotecnologia;Química;2015;135
Controle;Instrumentos;2015;134
Aparelhos e processos térmicos;Engenharia mecânica;2015;133
Tecnologia aplicada ao meio ambiente;Química;2015;128
Motores - bombas - turbinas;Engenharia mecânica;2015;125
Máquinas ferramentas;Engenharia mecânica;2015;122
Química orgânica fina;Química;2015;111
Materiais - metalurgia;Química;2015;88
Tecnologia da computação;Engenharia elétrica;2015;88
Métodos de gestão em TI;Engenharia elétrica;2015;80
Comunicação digital;Engenharia elétrica;2015;67
Máquinas têxteis e de papel;Engenharia mecânica;2015;58
Tecnologia audiovisual;Engenharia elétrica;2015;53
Telecomunicações;Engenharia elétrica;2015;52
Química macromolecular e polímeros;Química;2015;44
Análise de material biológico;Instrumentos;2015;44
Tecnologia de superfícies e revestimentos;Química;2015;38
Ótica;Instrumentos;2015;28
Semicondutores;Engenharia elétrica;2015;8
Processos básicos de comunicação;Engenharia elétrica;2015;5
Microestruturas e nanotecnologia;Química;2015;1
Outras maquinas especiais;Engenharia mecânica;2016;558
Engenharia civil;Outras áreas;2016;506
Mobiliário - jogos;Outras áreas;2016;462
Manejo;Engenharia mecânica;2016;371
Transporte;Engenharia mecânica;2016;366
Tecnologia aplicada a medicina;Instrumentos;2016;347
Outros bens de consumo;Outras áreas;2016;297
Máquinas - aparelhos elétricos - energia;Engenharia elétrica;2016;225
Química de alimentos;Química;2016;210
Produtos farmacêuticos;Química;2016;189
Química de materiais básicos;Química;2016;185
Engenharia química;Química;2016;184
Medição;Instrumentos;2016;161
Química orgânica fina;Química;2016;151
Máquinas ferramentas;Engenharia mecânica;2016;147
Elementos mecânicos;Engenharia mecânica;2016;132
Controle;Instrumentos;2016;131
Biotecnologia;Química;2016;127
Motores - bombas - turbinas;Engenharia mecânica;2016;115
Materiais - metalurgia;Química;2016;110
Tecnologia aplicada ao meio ambiente;Química;2016;107
Tecnologia da computação;Engenharia elétrica;2016;98
Aparelhos e processos térmicos;Engenharia mecânica;2016;93
Métodos de gestão em TI;Engenharia elétrica;2016;90
Química macromolecular e polímeros;Química;2016;61
Máquinas têxteis e de papel;Engenharia mecânica;2016;57
Telecomunicações;Engenharia elétrica;2016;56
Tecnologia audiovisual;Engenharia elétrica;2016;55
Tecnologia de superfícies e revestimentos;Química;2016;53
Comunicação digital;Engenharia elétrica;2016;46
Ótica;Instrumentos;2016;37
Análise de material biológico;Instrumentos;2016;30
Semicondutores;Engenharia elétrica;2016;12
Processos básicos de comunicação;Engenharia elétrica;2016;10
Microestruturas e nanotecnologia;Química;2016;5
